<favourites>
    <favourite name="FilmBoxOffice" thumb="C:/ProgramData/Kodi/fboid-thumbnail/fbo-01.png">ActivateWindow(10025,&quot;plugin://plugin.googledrive/?action=_list_drive&amp;content_type=video&amp;driveid=0AAdUnUfUBx_uUk9PVA&quot;,return)</favourite>
    <favourite name="TV &amp; Netflix Series" thumb="C:/ProgramData/Kodi/fboid-thumbnail/fbo-02.png">ActivateWindow(10025,&quot;plugin://plugin.googledrive/?action=_list_drive&amp;content_type=video&amp;driveid=0AKsDSs6LMf0RUk9PVA&quot;,return)</favourite>
    <favourite name="Film Indonesia" thumb="C:/ProgramData/Kodi/fboid-thumbnail/fbo-03.png">ActivateWindow(10025,&quot;plugin://plugin.googledrive/?action=_list_drive&amp;content_type=video&amp;driveid=0ALKLg1UQYSx0Uk9PVA&quot;,return)</favourite>
    <favourite name="Drama Korea" thumb="C:/ProgramData/Kodi/fboid-thumbnail/fbo-04.png">ActivateWindow(10025,&quot;plugin://plugin.googledrive/?action=_list_drive&amp;content_type=video&amp;driveid=0AF0tXq7qxHEEUk9PVA&quot;,return)</favourite>
    <favourite name="Anime Series" thumb="C:/ProgramData/Kodi/fboid-thumbnail/fbo-05.png">ActivateWindow(10025,&quot;plugin://plugin.googledrive/?action=_list_drive&amp;content_type=video&amp;driveid=0AAcJo21ryNtnUk9PVA&quot;,return)</favourite>
    <favourite name="Serial &amp; Kartun" thumb="C:/ProgramData/Kodi/fboid-thumbnail/fbo-06.png">ActivateWindow(10025,&quot;plugin://plugin.googledrive/?action=_list_drive&amp;content_type=video&amp;driveid=0AGZXJxRMuuWxUk9PVA&quot;,return)</favourite>
    <favourite name="4K Movies" thumb="C:/ProgramData/Kodi/fboid-thumbnail/fbo-07.png">ActivateWindow(10025,&quot;plugin://plugin.googledrive/?action=_list_drive&amp;content_type=video&amp;driveid=0AH4M6-FzWMqSUk9PVA&quot;,return)</favourite>
</favourites>
