<?xml version="1.0" encoding="UTF-8" standalone="yes"?>
<addon id="metadata.tvshows.themoviedb.org.python"
  name="TMDb TV Shows"
  version="1.1.34"
  provider-name="Team Kodi">
  <requires>
    <import addon="xbmc.python" version="2.26.0" />
    <import addon="xbmc.metadata" version="2.1.0" />
  </requires>
  <extension point="xbmc.metadata.scraper.tvshows" library="main.py" cachepersistence="00:15"/>
  <extension point="xbmc.addon.metadata">
    <news>1.1.34
fix for crash if Kodi calls the scraper without passing the source settings
change so that old TVDB XML scraper episodeguide URL will work to get new episodeguide from TMDb
	</news>
    <summary lang="en_GB">Fetch TV Show metadata from themoviedb.org</summary>
    <description lang="en_GB">The Movie Database (TMDb) is a community built movie and TV database. Every piece of data has been added by our amazing community dating back to 2008. TMDb's strong international focus and breadth of data is largely unmatched and something we're incredibly proud of. Put simply, we live and breathe community and that's precisely what makes us different.</description>
    <platform>all</platform>
    <license>GPL-3.0-or-later</license>
    <assets>
      <icon>resources/icon.png</icon>
    </assets>
	<forum>https://forum.kodi.tv/showthread.php?tid=357232</forum>
    <website>https://www.themoviedb.org</website>
    <source>https://github.com/xbmc/metadata.tvshows.themoviedb.org.python</source>
  </extension>
</addon>

