<favourites>
    <favourite name="FilmBoxOffice" thumb="C:/ProgramData/Kodi/fboid-thumbnail/fbo-01.png">ActivateWindow(10025,&quot;plugin://plugin.googledrive/?action=_list_drive&amp;content_type=video&amp;driveid=0AEyKDBsJIP9vUk9PVA&quot;,return)</favourite>
    <favourite name="TV &amp; Netflix Series" thumb="C:/ProgramData/Kodi/fboid-thumbnail/fbo-02.png">ActivateWindow(10025,&quot;plugin://plugin.googledrive/?action=_list_drive&amp;content_type=video&amp;driveid=0AKqzvEpZRGwtUk9PVA&quot;,return)</favourite>
    <favourite name="Film Indonesia" thumb="C:/ProgramData/Kodi/fboid-thumbnail/fbo-03.png">ActivateWindow(10025,&quot;plugin://plugin.googledrive/?action=_list_drive&amp;content_type=video&amp;driveid=0AAL8y8ljD0p3Uk9PVA&quot;,return)</favourite>
    <favourite name="Drama Korea" thumb="C:/ProgramData/Kodi/fboid-thumbnail/fbo-04.png">ActivateWindow(10025,&quot;plugin://plugin.googledrive/?action=_list_drive&amp;content_type=video&amp;driveid=0ANEBZ4bQNMewUk9PVA&quot;,return)</favourite>
    <favourite name="Anime Series" thumb="C:/ProgramData/Kodi/fboid-thumbnail/fbo-05.png">ActivateWindow(10025,&quot;plugin://plugin.googledrive/?action=_list_drive&amp;content_type=video&amp;driveid=0AMDhe9-1xax_Uk9PVA&quot;,return)</favourite>
    <favourite name="Serial &amp; Kartun" thumb="C:/ProgramData/Kodi/fboid-thumbnail/fbo-06.png">ActivateWindow(10025,&quot;plugin://plugin.googledrive/?action=_list_drive&amp;content_type=video&amp;driveid=0AN44i89HctvtUk9PVA&quot;,return)</favourite>
    <favourite name="4K Movies" thumb="C:/ProgramData/Kodi/fboid-thumbnail/fbo-07.png">ActivateWindow(10025,&quot;plugin://plugin.googledrive/?action=_list_drive&amp;content_type=video&amp;driveid=0AI9-E4C_xMlYUk9PVA&quot;,return)</favourite>
</favourites>
