<favourites>
    <favourite name="FilmBoxOffice" thumb="C:/ProgramData/Kodi/fboid-thumbnail/fbo-01.png">ActivateWindow(10025,&quot;plugin://plugin.googledrive/?action=_list_drive&amp;content_type=video&amp;driveid=0AGAA8e1rswW8Uk9PVA&quot;,return)</favourite>
    <favourite name="TV &amp; Netflix Series" thumb="C:/ProgramData/Kodi/fboid-thumbnail/fbo-02.png">ActivateWindow(10025,&quot;plugin://plugin.googledrive/?action=_list_drive&amp;content_type=video&amp;driveid=0AGpfme0nPaL6Uk9PVA&quot;,return)</favourite>
    <favourite name="Film Indonesia" thumb="C:/ProgramData/Kodi/fboid-thumbnail/fbo-03.png">ActivateWindow(10025,&quot;plugin://plugin.googledrive/?action=_list_drive&amp;content_type=video&amp;driveid=0AErpx-io3tlnUk9PVA&quot;,return)</favourite>
    <favourite name="Drama Korea" thumb="C:/ProgramData/Kodi/fboid-thumbnail/fbo-04.png">ActivateWindow(10025,&quot;plugin://plugin.googledrive/?action=_list_drive&amp;content_type=video&amp;driveid=0AGN_x8JapwwdUk9PVA&quot;,return)</favourite>
    <favourite name="Anime Series" thumb="C:/ProgramData/Kodi/fboid-thumbnail/fbo-05.png">ActivateWindow(10025,&quot;plugin://plugin.googledrive/?action=_list_drive&amp;content_type=video&amp;driveid=0ALyiKKKWY4UYUk9PVA&quot;,return)</favourite>
    <favourite name="Serial &amp; Kartun" thumb="C:/ProgramData/Kodi/fboid-thumbnail/fbo-06.png">ActivateWindow(10025,&quot;plugin://plugin.googledrive/?action=_list_drive&amp;content_type=video&amp;driveid=0AKc7UysnejRoUk9PVA&quot;,return)</favourite>
    <favourite name="4K Movies" thumb="C:/ProgramData/Kodi/fboid-thumbnail/fbo-07.png">ActivateWindow(10025,&quot;plugin://plugin.googledrive/?action=_list_drive&amp;content_type=video&amp;driveid=0ALTqUPA5V10xUk9PVA&quot;,return)</favourite>
</favourites>
